                  epoch,         train/box_loss,         train/cls_loss,         train/dfl_loss,   metrics/precision(B),      metrics/recall(B),       metrics/mAP50(B),    metrics/mAP50-95(B),           val/box_loss,           val/cls_loss,           val/dfl_loss,                 lr/pg0,                 lr/pg1,                 lr/pg2
                      0,                0.96791,                 2.2997,                 1.1448,                      1,                0.95823,                0.99211,                0.87281,                0.50196,                 2.2558,                0.88773,                 0.0766,                 0.0026,                 0.0026
                      1,                0.91485,                 0.9976,                 1.0255,                      1,                0.98284,                0.99488,                0.85351,                0.54244,                 1.8559,                0.90525,                0.05195,              0.0049502,              0.0049502
